{"model_type": "RandomForestClassifier", "model_post_processing_params": {"n_classes_": 5}, "input_quantizers": [{"cml_dumped_class_name": "UniformQuantizer", "zero_point": -40, "scale": 0.1147457887005173, "offset": 0, "n_bits": 6}, {"cml_dumped_class_name": "UniformQuantizer", "zero_point": -25, "scale": 0.11956168574191936, "offset": 0, "n_bits": 6}, {"cml_dumped_class_name": "UniformQuantizer", "zero_point": -28, "scale": 0.1360371568009333, "offset": 0, "n_bits": 6}, {"cml_dumped_class_name": "UniformQuantizer", "zero_point": -33, "scale": 0.14496544716254664, "offset": 0, "n_bits": 6}, {"cml_dumped_class_name": "UniformQuantizer", "zero_point": -30, "scale": 0.1450054986202532, "offset": 0, "n_bits": 6}, {"cml_dumped_class_name": "UniformQuantizer", "zero_point": -30, "scale": 0.13133379744223492, "offset": 0, "n_bits": 6}, {"cml_dumped_class_name": "UniformQuantizer", "zero_point": -30, "scale": 0.14380225528229873, "offset": 0, "n_bits": 6}, {"cml_dumped_class_name": "UniformQuantizer", "zero_point": -32, "scale": 0.1283042578786467, "offset": 0, "n_bits": 6}, {"cml_dumped_class_name": "UniformQuantizer", "zero_point": -26, "scale": 0.1490062810396108, "offset": 0, "n_bits": 6}, {"cml_dumped_class_name": "UniformQuantizer", "zero_point": -24, "scale": 0.1482116829734248, "offset": 0, "n_bits": 6}, {"cml_dumped_class_name": "UniformQuantizer", "zero_point": -25, "scale": 0.1350598030820573, "offset": 0, "n_bits": 6}, {"cml_dumped_class_name": "UniformQuantizer", "zero_point": -38, "scale": 0.1389915648968022, "offset": 0, "n_bits": 6}, {"cml_dumped_class_name": "UniformQuantizer", "zero_point": -39, "scale": 0.131456169189983, "offset": 0, "n_bits": 6}, {"cml_dumped_class_name": "UniformQuantizer", "zero_point": -28, "scale": 0.14923292491564524, "offset": 0, "n_bits": 6}, {"cml_dumped_class_name": "UniformQuantizer", "zero_point": -27, "scale": 0.14248925957795858, "offset": 0, "n_bits": 6}, {"cml_dumped_class_name": "UniformQuantizer", "zero_point": -26, "scale": 0.11853665937141032, "offset": 0, "n_bits": 6}, {"cml_dumped_class_name": "UniformQuantizer", "zero_point": -31, "scale": 0.13681024863719649, "offset": 0, "n_bits": 6}, {"cml_dumped_class_name": "UniformQuantizer", "zero_point": -21, "scale": 0.1552597809429043, "offset": 0, "n_bits": 6}, {"cml_dumped_class_name": "UniformQuantizer", "zero_point": -39, "scale": 0.11354299140341842, "offset": 0, "n_bits": 6}, {"cml_dumped_class_name": "UniformQuantizer", "zero_point": -26, "scale": 0.1252333909210341, "offset": 0, "n_bits": 6}], "output_quantizers": [{"cml_dumped_class_name": "UniformQuantizer", "zero_point": 0, "scale": 0.0007936508054771121, "offset": 0, "n_bits": 6}], "cml_version": "1.0.2", "is_fitted": true}