[
  {
    "bootstrapKeys": [
      {
        "baseLog": 15,
        "glweDimension": 1,
        "inputLweDimension": 877,
        "inputSecretKeyID": 1,
        "level": 2,
        "outputSecretKeyID": 0,
        "polynomialSize": 8192,
        "variance": 4.70197740328915e-38
      }
    ],
    "functionName": "main",
    "inputs": [
      {
        "encryption": {
          "encoding": {
            "isSigned": false,
            "precision": 6
          },
          "secretKeyID": 0,
          "variance": 4.70197740328915e-38
        },
        "shape": {
          "dimensions": [
            1,
            20
          ],
          "sign": false,
          "size": 20,
          "width": 6
        }
      }
    ],
    "keyswitchKeys": [
      {
        "baseLog": 3,
        "inputSecretKeyID": 0,
        "level": 6,
        "outputSecretKeyID": 1,
        "variance": 5.6282821431755563e-13
      }
    ],
    "outputs": [
      {
        "encryption": {
          "encoding": {
            "isSigned": false,
            "precision": 6
          },
          "secretKeyID": 0,
          "variance": 4.70197740328915e-38
        },
        "shape": {
          "dimensions": [
            1,
            5,
            20
          ],
          "sign": false,
          "size": 100,
          "width": 6
        }
      }
    ],
    "packingKeyswitchKeys": [],
    "secretKeys": [
      {
        "dimension": 8192
      },
      {
        "dimension": 877
      }
    ]
  }
]