[
  {
    "bootstrapKeys": [],
    "functionName": "main",
    "inputs": [
      {
        "encryption": {
          "encoding": {
            "isSigned": true,
            "precision": 18
          },
          "secretKeyID": 0,
          "variance": 1.573398630171941e-23
        },
        "shape": {
          "dimensions": [
            1,
            20
          ],
          "sign": true,
          "size": 20,
          "width": 18
        }
      }
    ],
    "keyswitchKeys": [],
    "outputs": [
      {
        "encryption": {
          "encoding": {
            "isSigned": true,
            "precision": 18
          },
          "secretKeyID": 0,
          "variance": 1.573398630171941e-23
        },
        "shape": {
          "dimensions": [
            1,
            5
          ],
          "sign": true,
          "size": 5,
          "width": 18
        }
      }
    ],
    "packingKeyswitchKeys": [],
    "secretKeys": [
      {
        "dimension": 1536
      }
    ]
  }
]